{"cameraMode":{"drawMode":0,"name":"Shaded","section":"Shading Mode"},"sceneLighting":true,"audioPlay":false,"sceneViewState":{"showFog":true,"showMaterialUpdate":false,"showSkybox":true,"showFlares":true,"showImageEffects":true,"showParticleSystems":true},"in2DMode":false,"pivot":{"x":653.1228637695313,"y":158.6916961669922,"z":-265.785400390625},"rotation":{"x":0.06317184865474701,"y":0.05863891541957855,"z":-0.0035644841846078636,"w":0.9963363409042358},"size":268.6005554199219,"orthographic":false}