{"cameraMode":{"drawMode":0,"name":"Shaded","section":"Shading Mode"},"sceneLighting":true,"audioPlay":false,"sceneViewState":{"showFog":true,"showMaterialUpdate":false,"showSkybox":true,"showFlares":true,"showImageEffects":true,"showParticleSystems":true},"in2DMode":false,"pivot":{"x":22.35906982421875,"y":20.007211685180665,"z":-9.352482795715332},"rotation":{"x":0.3029453754425049,"y":-0.022176114842295648,"z":0.007572764530777931,"w":0.9529529213905335},"size":22.702085494995118,"orthographic":false}