{"cameraMode":{"drawMode":0,"name":"Shaded","section":"Shading Mode"},"sceneLighting":false,"audioPlay":false,"sceneViewState":{"showFog":true,"showMaterialUpdate":false,"showSkybox":true,"showFlares":true,"showImageEffects":true,"showParticleSystems":true},"in2DMode":false,"pivot":{"x":567.6908569335938,"y":319.49359130859377,"z":-35.414222717285159},"rotation":{"x":-0.3113861382007599,"y":-0.09854040294885636,"z":0.031981971114873889,"w":-0.9448288679122925},"size":2154.764404296875,"orthographic":false}